hero_code,hero_name,hero_url,table_pick_rate,table_win_rate,table_ban_rate,list_top_sets,list_hard_heroes,list_with_heroes,detail_rank_text,detail_win_rate_text,detail_hard_heroes,detail_with_heroes,detail_pick_order_pick_rate_chart,detail_pick_order_ban_rate_chart,detail_win_rate_chart,pickrate_1,pickrate_2,pickrate_3,pickrate_4,pickrate_5,banrate_1,banrate_2,banrate_3,banrate_4,banrate_5
c2001,기원의 라스,https://epic7.onstove.com/ko/gg/herorecord/c2001,30.73,61.67,9.86,set_cri_dmg | set_max_hp,c2124 | c2131 | c2076,c2131 | c5072 | c2124,61 위 / 259,61.67%,c2124 | c2131 | c2076,c2131 | c5072 | c2124,,,,,,,,,,,,,
c2124,조장 아룬카,https://epic7.onstove.com/ko/gg/herorecord/c2124,30.05,58.19,14.27,set_counter | set_immune,c2131 | c2001 | c2076,c2001 | c2113 | c1022,113 위 / 259,58.19%,c2131 | c2001 | c2076,c2001 | c2113 | c1022,,,,,,,,,,,,,
c2131,보건교사 율하,https://epic7.onstove.com/ko/gg/herorecord/c2131,29.2,62.4,16.2,set_immune | set_speed,c2124 | c2001 | c1172,c1117 | c2001 | c2113,55 위 / 259,62.4%,c2124 | c2001 | c1172,c1117 | c2001 | c2113,,,,,,,,,,,,,
c1022,빛의 루엘,https://epic7.onstove.com/ko/gg/herorecord/c1022,24.04,62.67,18.66,set_max_hp | set_speed,c2001 | c2124 | c2131,c2131 | c2124 | c1172,51 위 / 259,62.67%,c2001 | c2124 | c2131,c2131 | c2124 | c1172,,,,,,,,,,,,,
c1172,프리렌,https://epic7.onstove.com/ko/gg/herorecord/c1172,22.69,62.8,16.21,set_speed | set_torrent,c2124 | c2001 | c1168,c1022 | c2024 | c2124,46 위 / 259,62.8%,c2124 | c2001 | c1168,c1022 | c2024 | c2124,,,,,,,,,,,,,
c2076,어둠의 목자 디에네,https://epic7.onstove.com/ko/gg/herorecord/c2076,22.16,63.12,16.85,set_max_hp | set_speed,c2001 | c2124 | c1168,c2001 | c1022 | c2124,44 위 / 259,63.12%,c2001 | c2124 | c1168,c2001 | c1022 | c2124,,,,,,,,,,,,,
c1168,리나크,https://epic7.onstove.com/ko/gg/herorecord/c1168,21.13,59.07,15.24,set_chase | set_speed,c2001 | c2124 | c2131,c2131 | c2124 | c2001,101 위 / 259,59.07%,c2001 | c2124 | c2131,c2131 | c2124 | c2001,,,,,,,,,,,,,
c2113,창공의 일리나브,https://epic7.onstove.com/ko/gg/herorecord/c2113,19.44,59.03,11.81,set_immune | set_shield,c2124 | c2001 | c2131,c2131 | c2124 | c2001,102 위 / 259,59.03%,c2124 | c2001 | c2131,c2131 | c2124 | c2001,,,,,,,,,,,,,
c1117,벨리안,https://epic7.onstove.com/ko/gg/herorecord/c1117,18.52,60.59,11.69,set_counter | set_immune,c2001 | c2124 | c1168,c2131 | c2124 | c2001,78 위 / 259,60.59%,c2001 | c2124 | c1168,c2131 | c2124 | c2001,,,,,,,,,,,,,
c5072,쾌속의 기수 세크레트,https://epic7.onstove.com/ko/gg/herorecord/c5072,17.65,60.91,14.82,set_acc | set_speed,c2124 | c2131 | c2001,c2001 | c2131 | c1133,70 위 / 259,60.91%,c2124 | c2131 | c2001,c2001 | c2131 | c1133,,,,,,,,,,,,,
c6005,천칭의 주인,https://epic7.onstove.com/ko/gg/herorecord/c6005,15.62,67.26,21.03,set_chase | set_speed,c2124 | c2076 | c2131,c1172 | c2024 | c1168,32 위 / 259,67.26%,c2124 | c2076 | c2131,c1172 | c2024 | c1168,,,,,,,,,,,,,
c6024,보검의 군주 이세리아,https://epic7.onstove.com/ko/gg/herorecord/c6024,15.51,59.09,17.35,set_chase | set_counter,c1104 | c2124 | c2131,c1022 | c2131 | c2001,98 위 / 259,59.09%,c1104 | c2124 | c2131,c1022 | c2131 | c2001,,,,,,,,,,,,,
c2112,바다의 유령 폴리티스,https://epic7.onstove.com/ko/gg/herorecord/c2112,11.54,61.95,9.59,set_acc | set_speed,c2124 | c1168 | c2131,c2001 | c2076 | c2131,57 위 / 259,61.95%,c2124 | c1168 | c2131,c2001 | c2076 | c2131,,,,,,,,,,,,,
c1133,지오,https://epic7.onstove.com/ko/gg/herorecord/c1133,11.49,54.18,13.9,set_acc | set_speed,c2131 | c1022 | c2076,c5072 | c2001 | c2103,142 위 / 259,54.18%,c2131 | c1022 | c2076,c5072 | c2001 | c2103,,,,,,,,,,,,,
c2049,메이드 클로에,https://epic7.onstove.com/ko/gg/herorecord/c2049,10.51,63.79,17.08,set_max_hp | set_speed,c2131 | c1168 | c2124,c2124 | c2131 | c2113,41 위 / 259,63.79%,c2131 | c1168 | c2124,c2124 | c2131 | c2113,,,,,,,,,,,,,
c2024,잿빛 숲의 이세리아,https://epic7.onstove.com/ko/gg/herorecord/c2024,9.92,62.69,9.04,set_cri | set_speed,c2131 | c2124 | c2076,c1172 | c6005 | c2124,50 위 / 259,62.69%,c2131 | c2124 | c2076,c1172 | c6005 | c2124,,,,,,,,,,,,,
c2103,영안의 셀린,https://epic7.onstove.com/ko/gg/herorecord/c2103,9.65,59.36,16.28,set_penetrate | set_speed,c2001 | c2131 | c2076,c2124 | c1133 | c5072,92 위 / 259,59.36%,c2001 | c2131 | c2076,c2124 | c1133 | c5072,,,,,,,,,,,,,
c1176,설화,https://epic7.onstove.com/ko/gg/herorecord/c1176,9.12,62.67,32.8,set_immune | set_riposte,c2124 | c1168 | c2001,c2131 | c2001 | c1022,51 위 / 259,62.67%,c2124 | c1168 | c2001,c2131 | c2001 | c1022,,,,,,,,,,,,,
c2066,신월의 루나,https://epic7.onstove.com/ko/gg/herorecord/c2066,8.85,60.88,37.92,set_immune | set_speed,c2124 | c2113 | c2076,c2001 | c2131 | c1117,71 위 / 259,60.88%,c2124 | c2113 | c2076,c2001 | c2131 | c1117,,,,,,,,,,,,,
c6050,호반의 마녀 테네브리아,https://epic7.onstove.com/ko/gg/herorecord/c6050,7.94,60.39,30.02,set_acc | set_speed,c2124 | c2131 | c2001,c1168 | c2001 | c2131,82 위 / 259,60.39%,c2124 | c2131 | c2001,c1168 | c2001 | c2131,,,,,,,,,,,,,
c2128,방관자 화영,https://epic7.onstove.com/ko/gg/herorecord/c2128,7.36,53.88,36.07,set_counter | set_penetrate,c2001 | c2076 | c6024,c2124 | c2131 | c1022,147 위 / 259,53.88%,c2001 | c2076 | c6024,c2124 | c2131 | c1022,,,,,,,,,,,,,
c1150,베로니카,https://epic7.onstove.com/ko/gg/herorecord/c1150,6.97,59.34,28.32,set_acc | set_speed,c2076 | c1133 | c2001,c2001 | c1168 | c1172,93 위 / 259,59.34%,c2076 | c1133 | c2001,c2001 | c1168 | c1172,,,,,,,,,,,,,
c5110,한낮의 유영 플랑,https://epic7.onstove.com/ko/gg/herorecord/c5110,6.92,60.75,29.72,set_penetrate | set_speed,c2131 | c2001 | c1168,c2124 | c2001 | c2024,73 위 / 259,60.75%,c2131 | c2001 | c1168,c2124 | c2001 | c2024,,,,,,,,,,,,,
c1153,하르세티,https://epic7.onstove.com/ko/gg/herorecord/c1153,6.43,58.88,24.34,set_max_hp | set_scar,c2001 | c5072 | c2131,c2113 | c2001 | c2124,105 위 / 259,58.88%,c2001 | c5072 | c2131,c2113 | c2001 | c2124,,,,,,,,,,,,,
c1104,모르트,https://epic7.onstove.com/ko/gg/herorecord/c1104,5.68,67.73,49.11,set_cri_dmg | set_max_hp,c6024 | c2001 | c1022,c2131 | c2124 | c2001,31 위 / 259,67.73%,c6024 | c2001 | c1022,c2131 | c2124 | c2001,,,,,,,,,,,,,
c1178,헤카테,https://epic7.onstove.com/ko/gg/herorecord/c1178,5.53,54.07,25.72,set_immune | set_opener,c1022 | c2001 | c6005,c1168 | c2131 | c2001,143 위 / 259,54.07%,c1022 | c2001 | c6005,c1168 | c2131 | c2001,,,,,,,,,,,,,
c5111,축제의 에다,https://epic7.onstove.com/ko/gg/herorecord/c5111,4.76,59.93,26.44,set_max_hp | set_speed,c2124 | c1168 | c1172,c2076 | c2001 | c2131,89 위 / 259,59.93%,c2124 | c1168 | c1172,c2076 | c2001 | c2131,,,,,,,,,,,,,
c2129,풍기위원 아리아,https://epic7.onstove.com/ko/gg/herorecord/c2129,4.59,58.18,23.44,set_cri_dmg | set_penetrate,c2001 | c2076 | c1168,c2124 | c2131 | c2113,114 위 / 259,58.18%,c2001 | c2076 | c1168,c2124 | c2131 | c2113,,,,,,,,,,,,,
c2070,라스트 라이더 크라우,https://epic7.onstove.com/ko/gg/herorecord/c2070,4.32,62.19,18.05,set_immune | set_speed,c1117 | c1172 | c2131,c2113 | c2124 | c2131,56 위 / 259,62.19%,c1117 | c1172 | c2131,c2113 | c2124 | c2131,,,,,,,,,,,,,
c2127,후계자 태유,https://epic7.onstove.com/ko/gg/herorecord/c2127,3.35,59.11,46.31,set_cri_dmg | set_penetrate,c2131 | c1022 | c2113,c1133 | c5072 | c2001,97 위 / 259,59.11%,c2131 | c1022 | c2113,c1133 | c5072 | c2001,,,,,,,,,,,,,
c2101,도시의 그림자 슈,https://epic7.onstove.com/ko/gg/herorecord/c2101,3.34,58.71,22.9,set_chase | set_speed,c2001 | c2113 | c2124,c2124 | c2131 | c1117,107 위 / 259,58.71%,c2001 | c2113 | c2124,c2124 | c2131 | c1117,,,,,,,,,,,,,
c2125,고독한 늑대 페이라,https://epic7.onstove.com/ko/gg/herorecord/c2125,3.28,56.86,5.45,set_max_hp | set_speed,c2001 | c2131 | c2124,c2124 | c1172 | c2131,126 위 / 259,56.86%,c2001 | c2131 | c2124,c2124 | c1172 | c2131,,,,,,,,,,,,,
c2090,죽음의 탐구자 레이,https://epic7.onstove.com/ko/gg/herorecord/c2090,3.12,57.92,28.54,set_immune | set_speed,c2113 | c2124 | c2131,c2001 | c2131 | c2113,118 위 / 259,57.92%,c2113 | c2124 | c2131,c2001 | c2131 | c2113,,,,,,,,,,,,,
c2002,나락의 세실리아,https://epic7.onstove.com/ko/gg/herorecord/c2002,3.02,61.26,15.84,set_immune | set_speed,c1168 | c2124 | c2113,c2001 | c2131 | c2124,66 위 / 259,61.26%,c1168 | c2124 | c2113,c2001 | c2131 | c2124,,,,,,,,,,,,,
c1109,랑디,https://epic7.onstove.com/ko/gg/herorecord/c1109,2.95,58.46,27.58,set_speed | set_torrent,c2124 | c2049 | c2113,c2131 | c2113 | c2001,111 위 / 259,58.46%,c2124 | c2049 | c2113,c2131 | c2113 | c2001,,,,,,,,,,,,,
c2079,사자왕 체르미아,https://epic7.onstove.com/ko/gg/herorecord/c2079,2.88,57.73,40.38,set_cri_dmg | set_immune,c1176 | c2131 | c2001,c2124 | c2113 | c2131,120 위 / 259,57.73%,c1176 | c2131 | c2001,c2124 | c2113 | c2131,,,,,,,,,,,,,
c1118,란,https://epic7.onstove.com/ko/gg/herorecord/c1118,2.85,60.02,3.59,set_cri | set_speed,c6005 | c1168 | c2001,c2076 | c1022 | c1172,84 위 / 259,60.02%,c6005 | c1168 | c2001,c2076 | c1022 | c1172,,,,,,,,,,,,,
c1143,아미드,https://epic7.onstove.com/ko/gg/herorecord/c1143,2.82,59.67,14.67,set_acc | set_speed,c2131 | c2124 | c2001,c1172 | c2124 | c2131,90 위 / 259,59.67%,c2131 | c2124 | c2001,c1172 | c2124 | c2131,,,,,,,,,,,,,
c1034,스트라제스,https://epic7.onstove.com/ko/gg/herorecord/c1034,2.75,64.45,44.98,set_speed | set_torrent,c2124 | c2131 | c2001,c1172 | c6005 | c2024,39 위 / 259,64.45%,c2124 | c2131 | c2001,c1172 | c6005 | c2024,,,,,,,,,,,,,
c1046,리디카,https://epic7.onstove.com/ko/gg/herorecord/c1046,2.71,62.79,18.03,set_acc | set_speed,c2131 | c2001 | c2076,c2103 | c1133 | c2124,47 위 / 259,62.79%,c2131 | c2001 | c2076,c2103 | c1133 | c2124,,,,,,,,,,,,,
c2132,용왕 샤룬,https://epic7.onstove.com/ko/gg/herorecord/c2132,2.52,58.07,31.42,set_acc | set_speed,c5072 | c2131 | c2124,c1168 | c2124 | c2001,115 위 / 259,58.07%,c5072 | c2131 | c2124,c1168 | c2124 | c2001,,,,,,,,,,,,,
c5175,아람,https://epic7.onstove.com/ko/gg/herorecord/c5175,2.4,61.12,15.98,set_max_hp | set_shield,c2001 | c1153 | c2131,c2103 | c2001 | c1172,68 위 / 259,61.12%,c2001 | c1153 | c2131,c2103 | c2001 | c1172,,,,,,,,,,,,,
c2008,홍염의 아밍,https://epic7.onstove.com/ko/gg/herorecord/c2008,2.39,60.76,5.24,set_immune | set_shield,c2113 | c2001 | c2124,c2131 | c2124 | c2049,72 위 / 259,60.76%,c2113 | c2001 | c2124,c2131 | c2124 | c2049,,,,,,,,,,,,,
c6017,미지의 가능성 아카테스,https://epic7.onstove.com/ko/gg/herorecord/c6017,2.38,57.94,25.25,set_immune | set_speed,c1133 | c2001 | c2131,c2124 | c2001 | c2131,117 위 / 259,57.94%,c1133 | c2001 | c2131,c2124 | c2001 | c2131,,,,,,,,,,,,,
c1007,빌트레드,https://epic7.onstove.com/ko/gg/herorecord/c1007,2.35,61.47,37.15,set_speed | set_torrent,c1168 | c2124 | c2076,c1172 | c6005 | c2024,63 위 / 259,61.47%,c1168 | c2124 | c2076,c1172 | c6005 | c2024,,,,,,,,,,,,,
c2080,사령관 파벨,https://epic7.onstove.com/ko/gg/herorecord/c2080,2.25,64.61,32.95,set_torrent | set_torrent | set_torrent,c2124 | c2131 | c2076,c1172 | c2024 | c2124,38 위 / 259,64.61%,c2124 | c2131 | c2076,c1172 | c2024 | c2124,,,,,,,,,,,,,
c2126,소악마 루아,https://epic7.onstove.com/ko/gg/herorecord/c2126,2.24,63.91,20.83,set_immune | set_speed,c2124 | c5072 | c2001,c2001 | c2076 | c1117,40 위 / 259,63.91%,c2124 | c5072 | c2001,c2001 | c2076 | c1117,,,,,,,,,,,,,
c4123,은결의 크리스티,https://epic7.onstove.com/ko/gg/herorecord/c4123,2.07,55.48,31.1,set_res | set_res | set_res,c2131 | c5072 | c2001,c2124 | c2103 | c6024,135 위 / 259,55.48%,c2131 | c5072 | c2001,c2124 | c2103 | c6024,,,,,,,,,,,,,
c1091,엘레나,https://epic7.onstove.com/ko/gg/herorecord/c1091,2.04,57.49,24.22,set_immune | set_speed,c2024 | c1172 | c6005,c2124 | c2131 | c2001,121 위 / 259,57.49%,c2024 | c1172 | c6005,c2124 | c2131 | c2001,,,,,,,,,,,,,
c2048,백은칼날의 아라민타,https://epic7.onstove.com/ko/gg/herorecord/c2048,1.85,62.72,40.61,set_acc | set_speed,c2124 | c1172 | c2131,c2076 | c1118 | c1172,49 위 / 259,62.72%,c2124 | c1172 | c2131,c2076 | c1118 | c1172,,,,,,,,,,,,,
c2111,설국의 솔리타리아,https://epic7.onstove.com/ko/gg/herorecord/c2111,1.78,61.56,53.34,set_immune | set_speed,c5110 | c2124 | c2024,c2131 | c2001 | c1022,62 위 / 259,61.56%,c5110 | c2124 | c2024,c2131 | c2001 | c1022,,,,,,,,,,,,,
c2016,심연의 유피네,https://epic7.onstove.com/ko/gg/herorecord/c2016,1.74,61.2,24.84,set_cri_dmg | set_immune,c1133 | c1172 | c2124,c2131 | c2001 | c2076,67 위 / 259,61.2%,c1133 | c1172 | c2124,c2131 | c2001 | c2076,,,,,,,,,,,,,
c6037,달토끼 도미니엘,https://epic7.onstove.com/ko/gg/herorecord/c6037,1.58,60.28,29.2,set_immune | set_speed,c1168 | c2124 | c2001,c2076 | c2131 | c2001,83 위 / 259,60.28%,c1168 | c2124 | c2001,c2076 | c2131 | c2001,,,,,,,,,,,,,
c1162,어린 셰나,https://epic7.onstove.com/ko/gg/herorecord/c1162,1.44,57.75,40.92,set_chase | set_immune | set_max_hp,c2024 | c1172 | c2124,c1168 | c2131 | c1172,119 위 / 259,57.75%,c2024 | c1172 | c2124,c1168 | c2131 | c1172,,,,,,,,,,,,,
c1103,셀린,https://epic7.onstove.com/ko/gg/herorecord/c1103,1.26,55.47,41.37,set_cri_dmg | set_penetrate,c2001 | c1168 | c2112,c2124 | c2001 | c2131,136 위 / 259,55.47%,c2001 | c1168 | c2112,c2124 | c2001 | c2131,,,,,,,,,,,,,
c1055,제뉴아,https://epic7.onstove.com/ko/gg/herorecord/c1055,1.13,61.91,25.48,set_speed | set_torrent,c2124 | c2131 | c2001,c2112 | c2001 | c6005,58 위 / 259,61.91%,c2124 | c2131 | c2001,c2112 | c2001 | c6005,,,,,,,,,,,,,
c1177,사르미아,https://epic7.onstove.com/ko/gg/herorecord/c1177,1.1,59.12,48.42,set_speed | set_torrent,c2131 | c2124 | c2001,c1168 | c2001 | c6050,96 위 / 259,59.12%,c2131 | c2124 | c2001,c1168 | c2001 | c6050,,,,,,,,,,,,,
c2069,영겁의 표류자 루트비히,https://epic7.onstove.com/ko/gg/herorecord/c2069,1.07,56.82,28.71,set_speed | set_torrent,c2131 | c2001 | c1168,c1133 | c2076 | c1172,127 위 / 259,56.82%,c2131 | c2001 | c1168,c1133 | c2076 | c1172,,,,,,,,,,,,,
c2019,화란의 라비,https://epic7.onstove.com/ko/gg/herorecord/c2019,1.07,54.61,21.77,set_cri_dmg | set_penetrate,c2001 | c2131 | c2113,c2124 | c2131 | c2113,138 위 / 259,54.61%,c2001 | c2131 | c2113,c2124 | c2131 | c2113,,,,,,,,,,,,,
c1112,폴리티스,https://epic7.onstove.com/ko/gg/herorecord/c1112,1.06,61.82,32.65,set_cri | set_speed,c1133 | c2076 | c1172,c2001 | c2076 | c1150,60 위 / 259,61.82%,c1133 | c2076 | c1172,c2001 | c2076 | c1150,,,,,,,,,,,,,
c1179,아키,https://epic7.onstove.com/ko/gg/herorecord/c1179,1.01,60.0,39.63,set_speed | set_torrent,c2131 | c2124 | c1117,c2001 | c6005 | c2112,85 위 / 259,60%,c2131 | c2124 | c1117,c2001 | c6005 | c2112,,,,,,,,,,,,,
c2095,디자이너 릴리벳,https://epic7.onstove.com/ko/gg/herorecord/c2095,0.92,56.16,38.37,set_immune | set_speed,c1172 | c2024 | c2076,c2124 | c2131 | c2001,130 위 / 259,56.16%,c1172 | c2024 | c2076,c2124 | c2131 | c2001,,,,,,,,,,,,,
c2023,뒤틀린 망령 카일론,https://epic7.onstove.com/ko/gg/herorecord/c2023,0.87,60.44,32.39,set_immune | set_vampire,c1117 | c2124 | c1172,c2001 | c2113 | c2124,79 위 / 259,60.44%,c1117 | c2124 | c1172,c2001 | c2113 | c2124,,,,,,,,,,,,,
c6020,서풍의 처형자 슈리,https://epic7.onstove.com/ko/gg/herorecord/c6020,0.84,56.95,31.7,set_acc | set_speed,c1172 | c1168 | c2124,c2024 | c2001 | c2076,125 위 / 259,56.95%,c1172 | c1168 | c2124,c2024 | c2001 | c2076,,,,,,,,,,,,,
c2102,진혼의 로앤나,https://epic7.onstove.com/ko/gg/herorecord/c2102,0.84,54.07,40.35,set_acc | set_acc | set_acc,c2124 | c2076 | c1168,c1133 | c2001 | c2076,143 위 / 259,54.07%,c2124 | c2076 | c1168,c1133 | c2001 | c2076,,,,,,,,,,,,,
c1020,슈리,https://epic7.onstove.com/ko/gg/herorecord/c1020,0.83,62.48,42.68,set_cri | set_speed,c1168 | c1007 | c2076,c1007 | c1172 | c2024,53 위 / 259,62.48%,c1168 | c1007 | c2076,c1007 | c1172 | c2024,,,,,,,,,,,,,
c2073,조율자 카웨릭,https://epic7.onstove.com/ko/gg/herorecord/c2073,0.73,54.01,24.18,set_max_hp | set_speed,c2076 | c1117 | c2001,c2113 | c2124 | c2001,146 위 / 259,54.01%,c2076 | c1117 | c2001,c2113 | c2124 | c2001,,,,,,,,,,,,,
c5009,여름 방학 샬롯,https://epic7.onstove.com/ko/gg/herorecord/c5009,0.71,60.72,20.65,set_torrent | set_torrent | set_torrent,c2131 | c2076 | c2001,c1133 | c2103 | c5072,74 위 / 259,60.72%,c2131 | c2076 | c2001,c1133 | c2103 | c5072,,,,,,,,,,,,,
c5046,화원의 리디카,https://epic7.onstove.com/ko/gg/herorecord/c5046,0.7,52.79,35.56,set_acc | set_speed,c2076 | c2112 | c1172,c1133 | c2001 | c2127,153 위 / 259,52.79%,c2076 | c2112 | c1172,c1133 | c2001 | c2127,,,,,,,,,,,,,
c1076,디에네,https://epic7.onstove.com/ko/gg/herorecord/c1076,0.68,52.26,26.01,set_res | set_speed,c2001 | c2112 | c2113,c2124 | c2131 | c1117,159 위 / 259,52.26%,c2001 | c2112 | c2113,c2124 | c2131 | c1117,,,,,,,,,,,,,
c4158,전승의 아미키,https://epic7.onstove.com/ko/gg/herorecord/c4158,0.64,59.24,45.67,set_counter | set_res,c1172 | c2024 | c2076,c2001 | c2131 | c2124,95 위 / 259,59.24%,c1172 | c2024 | c2076,c2001 | c2131 | c2124,,,,,,,,,,,,,
c2004,방랑자 실크,https://epic7.onstove.com/ko/gg/herorecord/c2004,0.63,59.26,46.32,set_immune | set_speed,c1172 | c1007 | c1168,c1168 | c1007 | c2076,94 위 / 259,59.26%,c1172 | c1007 | c1168,c1168 | c1007 | c2076,,,,,,,,,,,,,
c2012,어둠의 코르부스,https://epic7.onstove.com/ko/gg/herorecord/c2012,0.63,53.56,38.45,set_immune | set_opener,c2001 | c2124 | c1022,c2113 | c2131 | c1153,148 위 / 259,53.56%,c2001 | c2124 | c1022,c2113 | c2131 | c1153,,,,,,,,,,,,,
c2015,현자 바알&세잔,https://epic7.onstove.com/ko/gg/herorecord/c2015,0.62,60.43,38.34,set_max_hp | set_speed,c1172 | c2024 | c1168,c2131 | c2124 | c2001,81 위 / 259,60.43%,c1172 | c2024 | c1168,c2131 | c2124 | c2001,,,,,,,,,,,,,
c2011,혈검 카린,https://epic7.onstove.com/ko/gg/herorecord/c2011,0.58,59.53,28.54,set_cri_dmg | set_torrent,c2124 | c2001 | c1168,c6005 | c2001 | c1172,91 위 / 259,59.53%,c2124 | c2001 | c1168,c6005 | c2001 | c1172,,,,,,,,,,,,,
c2106,용의 반려 셰나,https://epic7.onstove.com/ko/gg/herorecord/c2106,0.55,52.88,19.82,set_max_hp | set_speed,c2001 | c1172 | c2124,c2131 | c2001 | c1022,150 위 / 259,52.88%,c2001 | c1172 | c2124,c2131 | c2001 | c1022,,,,,,,,,,,,,
c1038,세즈,https://epic7.onstove.com/ko/gg/herorecord/c1038,0.54,51.84,33.03,set_cri_dmg | set_penetrate,c2131 | c2001 | c1022,c1133 | c5072 | c2103,161 위 / 259,51.84%,c2131 | c2001 | c1022,c1133 | c5072 | c2103,,,,,,,,,,,,,
c1131,율하,https://epic7.onstove.com/ko/gg/herorecord/c1131,0.53,55.74,22.65,set_immune | set_max_hp | set_max_hp,c1172 | c2024 | c2124,c1162 | c2131 | c2113,132 위 / 259,55.74%,c1172 | c2024 | c2124,c1162 | c2131 | c2113,,,,,,,,,,,,,
c5128,은빛 해일 화영,https://epic7.onstove.com/ko/gg/herorecord/c5128,0.49,63.61,40.03,set_cri_dmg | set_torrent,c2124 | c2131 | c2001,c2001 | c1168 | c1172,43 위 / 259,63.61%,c2124 | c2131 | c2001,c2001 | c1168 | c1172,,,,,,,,,,,,,
c2109,해군 대령 랑디,https://epic7.onstove.com/ko/gg/herorecord/c2109,0.48,50.42,23.31,set_counter | set_immune,c2001 | c6050 | c5072,c2124 | c2113 | c2131,166 위 / 259,50.42%,c2001 | c6050 | c5072,c2124 | c2113 | c2131,,,,,,,,,,,,,
c2165,전학생 아딘,https://epic7.onstove.com/ko/gg/herorecord/c2165,0.47,55.94,23.76,set_cri_dmg | set_penetrate,c1153 | c2001 | c2113,c2001 | c2124 | c5072,131 위 / 259,55.94%,c1153 | c2001 | c2113,c2001 | c2124 | c5072,,,,,,,,,,,,,
c1173,페른,https://epic7.onstove.com/ko/gg/herorecord/c1173,0.46,62.82,21.3,set_opener | set_penetrate,c2124 | c2131 | c2113,c2124 | c2131 | c2001,45 위 / 259,62.82%,c2124 | c2131 | c2113,c2124 | c2131 | c2001,,,,,,,,,,,,,
c2091,별의 신탁 엘레나,https://epic7.onstove.com/ko/gg/herorecord/c2091,0.44,52.37,28.53,set_speed | set_torrent,c6024 | c2131 | c2001,c2024 | c1172 | c1104,158 위 / 259,52.37%,c6024 | c2131 | c2001,c2024 | c1172 | c1104,,,,,,,,,,,,,
c1014,시더,https://epic7.onstove.com/ko/gg/herorecord/c1014,0.42,66.48,21.75,set_penetrate | set_speed,c1168 | c2131 | c2076,c2024 | c1172 | c2124,37 위 / 259,66.48%,c1168 | c2131 | c2076,c2024 | c1172 | c2124,,,,,,,,,,,,,
c2062,죄악의 안젤리카,https://epic7.onstove.com/ko/gg/herorecord/c2062,0.42,52.73,15.6,set_immune | set_speed,c1022 | c2131 | c1168,c6005 | c2103 | c1168,155 위 / 259,52.73%,c1022 | c2131 | c1168,c6005 | c2103 | c1168,,,,,,,,,,,,,
c2072,오퍼레이터 세크레트,https://epic7.onstove.com/ko/gg/herorecord/c2072,0.37,62.77,31.32,set_speed | set_torrent,c2001 | c2131 | c2002,c1168 | c2131 | c6005,48 위 / 259,62.77%,c2001 | c2131 | c2002,c1168 | c2131 | c6005,,,,,,,,,,,,,
c2082,최강 모델 루루카,https://epic7.onstove.com/ko/gg/herorecord/c2082,0.37,52.38,26.64,set_penetrate | set_speed,c2131 | c1022 | c2001,c1168 | c2112 | c6005,157 위 / 259,52.38%,c2131 | c1022 | c2001,c1168 | c2112 | c6005,,,,,,,,,,,,,
c2042,야심가 타이윈,https://epic7.onstove.com/ko/gg/herorecord/c2042,0.36,58.55,14.2,set_max_hp | set_shield,c2024 | c1172 | c6005,c2131 | c2124 | c2001,110 위 / 259,58.55%,c2024 | c1172 | c6005,c2131 | c2124 | c2001,,,,,,,,,,,,,
c2110,해적 선장 플랑,https://epic7.onstove.com/ko/gg/herorecord/c2110,0.34,58.56,35.82,set_acc | set_speed,c2076 | c2131 | c2112,c1133 | c2001 | c5072,109 위 / 259,58.56%,c2076 | c2131 | c2112,c1133 | c2001 | c5072,,,,,,,,,,,,,
c1148,엘비라,https://epic7.onstove.com/ko/gg/herorecord/c1148,0.33,62.42,52.01,set_counter | set_res,c2127 | c1133 | c1172,c2124 | c2131 | c2001,54 위 / 259,62.42%,c2127 | c1133 | c1172,c2124 | c2131 | c2001,,,,,,,,,,,,,
c1122,밀림,https://epic7.onstove.com/ko/gg/herorecord/c1122,0.31,61.05,60.73,set_penetrate | set_speed,c1109 | c1022 | c2001,c2124 | c2049 | c2113,69 위 / 259,61.05%,c1109 | c1022 | c2001,c2124 | c2049 | c2113,,,,,,,,,,,,,
c5024,남국의 이세리아,https://epic7.onstove.com/ko/gg/herorecord/c5024,0.31,57.41,32.14,set_acc | set_speed,c2131 | c1172 | c1168,c2103 | c1172 | c2024,122 위 / 259,57.41%,c2131 | c1172 | c1168,c2103 | c1172 | c2024,,,,,,,,,,,,,
c5089,밤의 연회 릴리아스,https://epic7.onstove.com/ko/gg/herorecord/c5089,0.3,61.46,29.11,set_speed | set_torrent,c2131 | c2124 | c2001,c6005 | c2131 | c2001,64 위 / 259,61.46%,c2131 | c2124 | c2001,c6005 | c2131 | c2001,,,,,,,,,,,,,
c1147,후미르,https://epic7.onstove.com/ko/gg/herorecord/c1147,0.29,60.44,39.12,set_acc | set_speed,c2113 | c1117 | c2124,c1172 | c2131 | c2049,79 위 / 259,60.44%,c2113 | c1117 | c2124,c1172 | c2131 | c2049,,,,,,,,,,,,,
c1180,루이자,https://epic7.onstove.com/ko/gg/herorecord/c1180,0.28,55.64,9.93,set_acc | set_speed,c2124 | c2131 | c2001,c2076 | c2001 | c2131,133 위 / 259,55.64%,c2124 | c2131 | c2001,c2076 | c2001 | c2131,,,,,,,,,,,,,
c1060,슈니엘,https://epic7.onstove.com/ko/gg/herorecord/c1060,0.25,66.97,57.42,set_immune | set_speed,c2090 | c2001 | c2124,c2113 | c2124 | c2001,34 위 / 259,66.97%,c2090 | c2001 | c2124,c2113 | c2124 | c2001,,,,,,,,,,,,,
c2099,설계자 라이카,https://epic7.onstove.com/ko/gg/herorecord/c2099,0.25,52.86,38.98,set_speed | set_torrent,c2131 | c1176 | c1022,c6005 | c1168 | c2001,151 위 / 259,52.86%,c2131 | c1176 | c1022,c6005 | c1168 | c2001,,,,,,,,,,,,,
c1151,낙월,https://epic7.onstove.com/ko/gg/herorecord/c1151,0.24,51.87,37.57,set_acc | set_speed,c6024 | c2113 | c2124,c2131 | c2001 | c2124,160 위 / 259,51.87%,c6024 | c2113 | c2124,c2131 | c2001 | c2124,,,,,,,,,,,,,
c2089,지배자 릴리아스,https://epic7.onstove.com/ko/gg/herorecord/c2089,0.21,61.89,11.92,set_acc | set_speed,c2131 | c1117 | c2124,c1172 | c5128 | c6005,59 위 / 259,61.89%,c2131 | c1117 | c2124,c1172 | c5128 | c6005,,,,,,,,,,,,,
c2022,데스티나,https://epic7.onstove.com/ko/gg/herorecord/c2022,0.21,49.21,21.67,set_res | set_speed,c5072 | c2131 | c2001,c2124 | c2113 | c6024,172 위 / 259,49.21%,c5072 | c2131 | c2001,c2124 | c2113 | c6024,,,,,,,,,,,,,
c1171,토라미,https://epic7.onstove.com/ko/gg/herorecord/c1171,0.2,51.64,18.51,set_immune | set_penetrate | set_torrent,c2001 | c2113 | c5072,c2124 | c5001 | c2113,162 위 / 259,51.64%,c2001 | c2113 | c5072,c2124 | c5001 | c2113,,,,,,,,,,,,,
c1159,라이아,https://epic7.onstove.com/ko/gg/herorecord/c1159,0.2,51.4,24.82,set_max_hp | set_speed,c2001 | c2131 | c2124,c2124 | c2113 | c2131,164 위 / 259,51.4%,c2001 | c2131 | c2124,c2124 | c2113 | c2131,,,,,,,,,,,,,
c2088,숲의 현자 비비안,https://epic7.onstove.com/ko/gg/herorecord/c2088,0.2,44.79,20.49,set_cri_dmg | set_torrent,c2001 | c6050 | c2124,c2124 | c2131 | c2001,184 위 / 259,44.79%,c2001 | c6050 | c2124,c2124 | c2131 | c2001,,,,,,,,,,,,,
c1170,페네,https://epic7.onstove.com/ko/gg/herorecord/c1170,0.17,52.6,9.96,set_cri_dmg | set_penetrate,c6024 | c2001 | c1022,c2131 | c2124 | c1104,156 위 / 259,52.6%,c6024 | c2001 | c1022,c2131 | c2124 | c1104,,,,,,,,,,,,,
c1130,잭 오,https://epic7.onstove.com/ko/gg/herorecord/c1130,0.15,56.78,18.55,set_penetrate | set_speed,c2131 | c1153 | c2113,c1133 | c1172 | c2127,128 위 / 259,56.78%,c2131 | c1153 | c2113,c1133 | c1172 | c2127,,,,,,,,,,,,,
c1163,프리다,https://epic7.onstove.com/ko/gg/herorecord/c1163,0.14,58.6,22.22,set_res | set_speed,c1117 | c2131 | c2124,c2076 | c2001 | c1168,108 위 / 259,58.6%,c1117 | c2131 | c2124,c2076 | c2001 | c1168,,,,,,,,,,,,,
c5016,바캉스 유피네,https://epic7.onstove.com/ko/gg/herorecord/c5016,0.14,58.24,40.2,set_immune | set_speed,c1133 | c2127 | c2076,c2001 | c2131 | c2076,112 위 / 259,58.24%,c1133 | c2127 | c2076,c2001 | c2131 | c2076,,,,,,,,,,,,,
c1141,비후,https://epic7.onstove.com/ko/gg/herorecord/c1141,0.14,55.0,27.18,set_acc | set_speed,c1172 | c2131 | c2124,c2131 | c2124 | c2113,137 위 / 259,55%,c1172 | c2131 | c2124,c2131 | c2124 | c2113,,,,,,,,,,,,,
c2047,무투가 켄,https://epic7.onstove.com/ko/gg/herorecord/c2047,0.14,54.31,25.74,set_cri_dmg | set_penetrate,c1150 | c2001 | c2124,c2076 | c2124 | c1168,140 위 / 259,54.31%,c1150 | c2001 | c2124,c2076 | c2124 | c1168,,,,,,,,,,,,,
c1016,유피네,https://epic7.onstove.com/ko/gg/herorecord/c1016,0.14,46.34,9.8,set_cri_dmg | set_torrent,c1153 | c2131 | c2113,c1133 | c2127 | c2103,180 위 / 259,46.34%,c1153 | c2131 | c2113,c1133 | c2127 | c2103,,,,,,,,,,,,,
c2007,집행관 빌트레드,https://epic7.onstove.com/ko/gg/herorecord/c2007,0.14,60.0,29.9,set_torrent | set_torrent | set_torrent,c1168 | c2124 | c2131,c2076 | c2001 | c2112,85 위 / 259,60%,c1168 | c2124 | c2131,c2076 | c2001 | c2112,,,,,,,,,,,,,
c1102,로앤나,https://epic7.onstove.com/ko/gg/herorecord/c1102,0.13,61.36,42.22,set_max_hp | set_speed,c1172 | c6005 | c2131,c2124 | c2131 | c2113,65 위 / 259,61.36%,c1172 | c6005 | c2131,c2124 | c2131 | c2113,,,,,,,,,,,,,
c5070,호위대장 크라우,https://epic7.onstove.com/ko/gg/herorecord/c5070,0.12,60.68,18.13,set_immune | set_speed,c2124 | c2001 | c1022,c2113 | c2001 | c2131,75 위 / 259,60.68%,c2124 | c2001 | c1022,c2113 | c2001 | c2131,,,,,,,,,,,,,
c6003,비탄의 로제,https://epic7.onstove.com/ko/gg/herorecord/c6003,0.1,45.92,16.22,set_immune | set_shield,c2001 | c1022 | c5072,c2131 | c2124 | c1117,181 위 / 259,45.92%,c2001 | c1022 | c5072,c2131 | c2124 | c1117,,,,,,,,,,,,,
c2039,적월의 귀족 헤이스트,https://epic7.onstove.com/ko/gg/herorecord/c2039,0.09,54.02,13.93,set_counter | set_immune,c2001 | c1133 | c6005,c2131 | c1022 | c2113,145 위 / 259,54.02%,c2001 | c1133 | c6005,c2131 | c1022 | c2113,,,,,,,,,,,,,
c1129,아리아,https://epic7.onstove.com/ko/gg/herorecord/c1129,0.08,67.12,25.89,set_immune | set_vampire,c2124 | c2113 | c2101,c2131 | c2113 | c2001,33 위 / 259,67.12%,c2124 | c2113 | c2101,c2131 | c2113 | c2001,,,,,,,,,,,,,
c5001,모험가 라스,https://epic7.onstove.com/ko/gg/herorecord/c5001,0.08,52.81,2.59,set_immune | set_shield,c2001 | c2113 | c2131,c2124 | c1171 | c2109,152 위 / 259,52.81%,c2001 | c2113 | c2131,c2124 | c1171 | c2109,,,,,,,,,,,,,
c2071,일편고월 벨로나,https://epic7.onstove.com/ko/gg/herorecord/c2071,0.07,59.02,20.0,set_cri_dmg | set_penetrate,c1117 | c2131 | c2124,c2124 | c2113 | c2049,103 위 / 259,59.02%,c1117 | c2131 | c2124,c2124 | c2113 | c2049,,,,,,,,,,,,,
c2006,심판자 키세,https://epic7.onstove.com/ko/gg/herorecord/c2006,0.07,58.75,24.76,set_cri_dmg | set_torrent,c2131 | c2124 | c1168,c1143 | c1172 | c1022,106 위 / 259,58.75%,c2131 | c2124 | c1168,c1143 | c1172 | c1022,,,,,,,,,,,,,
c2027,종결자 찰스,https://epic7.onstove.com/ko/gg/herorecord/c2027,0.07,33.82,7.77,set_speed | set_torrent,c2124 | c2131 | c2001,c1133 | c1038 | c2001,200 위 / 259,33.82%,c2124 | c2131 | c2001,c1133 | c1038 | c2001,,,,,,,,,,,,,
c1065,수린,https://epic7.onstove.com/ko/gg/herorecord/c1065,0.07,59.09,30.69,set_cri | set_speed,c1020 | c1007 | c2004,c1046 | c1007 | c2004,98 위 / 259,59.09%,c1020 | c1007 | c2004,c1046 | c1007 | c2004,,,,,,,,,,,,,
c2038,실험체 세즈,https://epic7.onstove.com/ko/gg/herorecord/c2038,0.07,48.72,7.37,set_penetrate | set_speed,c2131 | c2076 | c1022,c5072 | c1133 | c2001,173 위 / 259,48.72%,c2131 | c2076 | c1022,c5072 | c1133 | c2001,,,,,,,,,,,,,
c1134,에드워드 엘릭,https://epic7.onstove.com/ko/gg/herorecord/c1134,0.07,44.9,35.29,set_cri_dmg | set_torrent,c2024 | c1172 | c2076,c2001 | c1168 | c2131,183 위 / 259,44.9%,c2024 | c1172 | c2076,c2001 | c1168 | c2131,,,,,,,,,,,,,
c5082,바다 향기 루루카,https://epic7.onstove.com/ko/gg/herorecord/c5082,0.06,67.92,35.0,set_res | set_speed,c1143 | c1172 | c2124,c2131 | c1117 | c2113,30 위 / 259,67.92%,c1143 | c1172 | c2124,c2131 | c1117 | c2113,,,,,,,,,,,,,
c1142,엘리고스,https://epic7.onstove.com/ko/gg/herorecord/c1142,0.05,51.52,16.18,set_penetrate | set_speed,c2131 | c2124 | c2076,c1168 | c2124 | c1172,163 위 / 259,51.52%,c2131 | c2124 | c2076,c1168 | c2124 | c1172,,,,,,,,,,,,,
c2020,주시자 슈리,https://epic7.onstove.com/ko/gg/herorecord/c2020,0.05,51.02,18.46,set_speed | set_torrent,c1168 | c2001 | c2131,c1007 | c1172 | c1143,165 위 / 259,51.02%,c1168 | c2001 | c2131,c1007 | c1172 | c1143,,,,,,,,,,,,,
c6062,빛의 천사 안젤리카,https://epic7.onstove.com/ko/gg/herorecord/c6062,0.05,38.46,37.84,set_immune | set_speed,c1172 | c1118 | c2048,c2131 | c2124 | c6024,199 위 / 259,38.46%,c1172 | c1118 | c2048,c2131 | c2124 | c6024,,,,,,,,,,,,,
c2037,도전자 도미니엘,https://epic7.onstove.com/ko/gg/herorecord/c2037,0.05,31.58,13.24,set_penetrate | set_speed,c2001 | c2131 | c2124,c1118 | c1172 | c1168,206 위 / 259,31.58%,c2001 | c2131 | c2124,c1118 | c1172 | c1168,,,,,,,,,,,,,
c2074,잔영의 비올레토,https://epic7.onstove.com/ko/gg/herorecord/c2074,0.04,47.62,10.94,set_penetrate | set_vampire,c2113 | c1117 | c2124,c2125 | c2124 | c5072,175 위 / 259,47.62%,c2113 | c1117 | c2124,c2125 | c2124 | c5072,,,,,,,,,,,,,
c4144,구원자 아딘,https://epic7.onstove.com/ko/gg/herorecord/c4144,0.04,41.18,9.84,set_cri_dmg | set_penetrate,c2001 | c2131 | c2124,c6005 | c1168 | c2125,193 위 / 259,41.18%,c2001 | c2131 | c2124,c6005 | c1168 | c2125,,,,,,,,,,,,,
c1096,멜리사,https://epic7.onstove.com/ko/gg/herorecord/c1096,0.04,55.56,25.93,set_penetrate | set_speed,c2131 | c2113 | c1117,c2076 | c2112 | c1172,134 위 / 259,55.56%,c2131 | c2113 | c1117,c2076 | c2112 | c1172,,,,,,,,,,,,,
c1100,알렌시아,https://epic7.onstove.com/ko/gg/herorecord/c1100,0.04,52.94,10.34,set_penetrate | set_speed,c2001 | c2131 | c2124,c2124 | c2131 | c1022,149 위 / 259,52.94%,c2001 | c2131 | c2124,c2124 | c2131 | c1022,,,,,,,,,,,,,
c1144,아비게일,https://epic7.onstove.com/ko/gg/herorecord/c1144,0.04,52.78,35.59,set_max_hp | set_speed,c2128 | c2131 | c2124,c6024 | c2131 | c2001,154 위 / 259,52.78%,c2128 | c2131 | c2124,c6024 | c2131 | c2001,,,,,,,,,,,,,
c1089,릴리아스,https://epic7.onstove.com/ko/gg/herorecord/c1089,0.04,46.67,11.54,set_max_hp | set_speed,c5072 | c2001 | c1117,c2113 | c2124 | c2049,177 위 / 259,46.67%,c5072 | c2001 | c1117,c2113 | c2124 | c2049,,,,,,,,,,,,,
c3123,크리스티,https://epic7.onstove.com/ko/gg/herorecord/c3123,0.04,41.67,29.41,set_res | set_res,c2124 | c1168 | c6050,c1172 | c1117 | c2124,191 위 / 259,41.67%,c2124 | c1168 | c6050,c1172 | c1117 | c2124,,,,,,,,,,,,,
c1119,자하크,https://epic7.onstove.com/ko/gg/herorecord/c1119,0.03,60.0,31.58,set_penetrate | set_speed,c2001 | c5072 | c2113,c2124 | c2125 | c1168,85 위 / 259,60%,c2001 | c5072 | c2113,c2124 | c2125 | c1168,,,,,,,,,,,,,
c5004,마신의 그림자,https://epic7.onstove.com/ko/gg/herorecord/c5004,0.03,58.0,19.57,set_counter | set_immune,c2113 | c2131 | c2001,c2001 | c2124 | c2131,116 위 / 259,58%,c2113 | c2131 | c2001,c2001 | c2124 | c2131,,,,,,,,,,,,,
c1095,릴리벳,https://epic7.onstove.com/ko/gg/herorecord/c1095,0.03,45.24,33.33,set_speed | set_torrent,c2001 | c2131 | c1117,c2112 | c6005 | c1168,182 위 / 259,45.24%,c2001 | c2131 | c1117,c2112 | c6005 | c1168,,,,,,,,,,,,,
c4042,수호천사 몽모랑시,https://epic7.onstove.com/ko/gg/herorecord/c4042,0.03,42.39,13.89,set_immune | set_speed,c5072 | c2131 | c2001,c2124 | c6024 | c2113,190 위 / 259,42.39%,c5072 | c2131 | c2001,c2124 | c6024 | c2113,,,,,,,,,,,,,
c2053,사막의 보석 바사르,https://epic7.onstove.com/ko/gg/herorecord/c2053,0.02,44.44,17.14,set_max_hp | set_speed,c2124 | c2103 | c2049,c2001 | c2113 | c2131,185 위 / 259,44.44%,c2124 | c2103 | c2049,c2001 | c2113 | c2131,,,,,,,,,,,,,
c1160,비르기타,https://epic7.onstove.com/ko/gg/herorecord/c1160,0.02,78.57,34.38,set_acc | set_speed,c2113 | c2131 | c6024,c5072 | c2124 | c6005,29 위 / 259,78.57%,c2113 | c2131 | c6024,c5072 | c2124 | c6005,,,,,,,,,,,,,
c5149,레테,https://epic7.onstove.com/ko/gg/herorecord/c5149,0.02,60.61,27.27,set_max_hp | set_speed,c1117 | c2124 | c2131,c2131 | c2113 | c2124,76 위 / 259,60.61%,c1117 | c2124 | c2131,c2131 | c2113 | c2124,,,,,,,,,,,,,
c1169,로빈,https://epic7.onstove.com/ko/gg/herorecord/c1169,0.02,60.61,36.36,set_acc | set_speed,c2124 | c2076 | c1172,c1168 | c2131 | c6005,76 위 / 259,60.61%,c2124 | c2076 | c1172,c1168 | c2131 | c6005,,,,,,,,,,,,,
c6014,떠돌이 왕자 시더,https://epic7.onstove.com/ko/gg/herorecord/c6014,0.02,58.97,34.62,set_acc | set_speed,c2124 | c2131 | c1172,c1118 | c2076 | c1133,104 위 / 259,58.97%,c2124 | c2131 | c1172,c1118 | c2076 | c1133,,,,,,,,,,,,,
c1156,알베도,https://epic7.onstove.com/ko/gg/herorecord/c1156,0.02,54.55,6.67,set_immune | set_shield,c2024 | c6005 | c1172,c1162 | c2131 | c2001,139 위 / 259,54.55%,c2024 | c6005 | c1172,c1162 | c2131 | c2001,,,,,,,,,,,,,
c4004,자유기사 아로웰,https://epic7.onstove.com/ko/gg/herorecord/c4004,0.02,50.0,8.0,set_immune | set_speed,c2113 | c5072 | c5110,c2001 | c2124 | c6024,167 위 / 259,50%,c2113 | c5072 | c5110,c2001 | c2124 | c6024,,,,,,,,,,,,,
c5050,메르헨 테네브리아,https://epic7.onstove.com/ko/gg/herorecord/c5050,0.02,43.48,28.0,set_acc | set_speed,c2124 | c2113 | c2049,c1168 | c2001 | c2131,187 위 / 259,43.48%,c2124 | c2113 | c2049,c1168 | c2001 | c2131,,,,,,,,,,,,,
c1146,베니마루,https://epic7.onstove.com/ko/gg/herorecord/c1146,0.02,42.86,38.46,set_cri | set_speed,c1168 | c1162 | c2125,c2124 | c2024 | c2076,188 위 / 259,42.86%,c1168 | c1162 | c2125,c2124 | c2024 | c2076,,,,,,,,,,,,,
c4051,연구자 캐롯,https://epic7.onstove.com/ko/gg/herorecord/c4051,0.02,40.0,30.0,set_acc | set_speed,c1172 | c1168 | c1109,c2131 | c6005 | c2124,194 위 / 259,40%,c1172 | c1168 | c1109,c2131 | c6005 | c2124,,,,,,,,,,,,,
c1158,펜리스,https://epic7.onstove.com/ko/gg/herorecord/c1158,0.02,39.47,28.0,set_cri_dmg | set_penetrate,c6024 | c2131 | c2076,c6005 | c2024 | c1133,197 위 / 259,39.47%,c6024 | c2131 | c2076,c6005 | c2024 | c1133,,,,,,,,,,,,,
c5071,해변의 벨로나,https://epic7.onstove.com/ko/gg/herorecord/c5071,0.02,63.64,30.43,set_immune | set_vampire,c5110 | c1117 | c2113,c2113 | c2124 | c2131,42 위 / 259,63.64%,c5110 | c1117 | c2113,c2113 | c2124 | c2131,,,,,,,,,,,,,
c2009,어린 여왕 샬롯,https://epic7.onstove.com/ko/gg/herorecord/c2009,0.02,56.52,25.0,set_cri_dmg | set_penetrate,c1117 | c2001 | c2131,c2124 | c2001 | c2131,129 위 / 259,56.52%,c1117 | c2001 | c2131,c2124 | c2001 | c2131,,,,,,,,,,,,,
c6011,라스트 피스 카린,https://epic7.onstove.com/ko/gg/herorecord/c6011,0.02,50.0,12.5,set_penetrate | set_speed,c5072 | c1022 | c2076,c2125 | c2124 | c2090,167 위 / 259,50%,c5072 | c1022 | c2076,c2125 | c2124 | c2090,,,,,,,,,,,,,
c1154,비브리스,https://epic7.onstove.com/ko/gg/herorecord/c1154,0.02,46.67,31.82,set_acc | set_speed,c6024 | c2131 | c1176,c2001 | c2124 | c1022,177 위 / 259,46.67%,c6024 | c2131 | c1176,c2001 | c2124 | c1022,,,,,,,,,,,,,
c1006,키세,https://epic7.onstove.com/ko/gg/herorecord/c1006,0.02,46.43,52.17,set_cri_dmg | set_torrent,c2124 | c2131 | c2001,c1143 | c1172 | c1168,179 위 / 259,46.43%,c2124 | c2131 | c2001,c1143 | c1172 | c1168,,,,,,,,,,,,,
c3135,하솔,https://epic7.onstove.com/ko/gg/herorecord/c3135,0.02,42.86,29.17,set_max_hp | set_speed,c1176 | c2124 | c2131,c1168 | c1022 | c1172,188 위 / 259,42.86%,c1176 | c2124 | c2131,c1168 | c1022 | c1172,,,,,,,,,,,,,
c1111,에다,https://epic7.onstove.com/ko/gg/herorecord/c1111,0.01,57.14,19.05,set_speed | set_torrent,c2001 | c2124 | c2131,c1118 | c1168 | c1172,123 위 / 259,57.14%,c2001 | c2124 | c2131,c1118 | c1168 | c1172,,,,,,,,,,,,,
c6065,봉안의 수린,https://epic7.onstove.com/ko/gg/herorecord/c6065,0.01,54.24,28.57,set_cri_dmg | set_torrent,c2131 | c1168 | c2124,c1172 | c2089 | c2126,141 위 / 259,54.24%,c2131 | c1168 | c2124,c1172 | c2089 | c2126,,,,,,,,,,,,,
c2050,환영의 테네브리아,https://epic7.onstove.com/ko/gg/herorecord/c2050,0.01,48.15,9.52,set_cri_dmg | set_penetrate,c2124 | c2131 | c2129,c2001 | c1172 | c2131,174 위 / 259,48.15%,c2124 | c2131 | c2129,c2001 | c1172 | c2131,,,,,,,,,,,,,
c2043,자애의 로만,https://epic7.onstove.com/ko/gg/herorecord/c2043,0.01,38.89,14.29,set_acc | set_speed,c1133 | c1168 | c2131,c2001 | c6017 | c5072,198 위 / 259,38.89%,c1133 | c1168 | c2131,c2001 | c6017 | c5072,,,,,,,,,,,,,
